email,phone,id,address,name
david.wilson@hotmail.com,3008482395,44,"843 Maple St, Chicago, Tx",David Wilson
david.wilson@outlook.com,6792329084,84,"456 Washington St, Los Angeles, Il",David Wilson
jane.smith@yahoo.com,9608942929,2,"830 Cedar St, Phoenix, Pa",Jane Smith
jennifer.anderson@yahoo.com,9776688993,34,"279 Maple St, Chicago, Az",Jennifer Anderson
john.doe@yahoo.com,1767847794,58,"824 Lake St, Philadelphia, Il",John Doe
michael.johnson@outlook.com,8801624335,55,"449 Maple St, Los Angeles, Tx",Michael Johnson
sarah.davis@yahoo.com,5886424539,3,"212 Elm St, Chicago, Il",Sarah Davis
robert.taylor@outlook.com,1433152511,29,"732 Maple St, Los Angeles, Il",Robert Taylor
sarah.davis@hotmail.com,7566454252,13,"757 Pine St, Houston, Az",Sarah Davis
sarah.davis@yahoo.com,6893877110,45,"864 Pine St, Houston, Ny",Sarah Davis
william.thomas@outlook.com,3291225281,52,"149 Lake St, Dallas, Ny",William Thomas
william.thomas@hotmail.com,1896973062,48,"655 Main St, Chicago, Ca",William Thomas
